{
    "0": {
        "precision": 0.9440993788819876,
        "recall": 0.9325153374233128,
        "f1-score": 0.9382716049382717,
        "support": 163.0
    },
    "1": {
        "precision": 0.8607594936708861,
        "recall": 0.8831168831168831,
        "f1-score": 0.8717948717948718,
        "support": 77.0
    },
    "accuracy": 0.9166666666666666,
    "macro avg": {
        "precision": 0.9024294362764369,
        "recall": 0.9078161102700979,
        "f1-score": 0.9050332383665718,
        "support": 240.0
    },
    "weighted avg": {
        "precision": 0.9173611657100925,
        "recall": 0.9166666666666666,
        "f1-score": 0.9169436530547642,
        "support": 240.0
    }
}